[{"model": "admin.logentry", "pk": 1, "fields": {"action_time": "2025-03-27T07:19:03.301Z", "user": "25624c1f-a60d-469c-a747-211a056d70f1", "content_type": 3, "object_id": "1", "object_repr": "ADMIN", "action_flag": 1, "change_message": "[{\"added\": {}}]"}}, {"model": "admin.logentry", "pk": 2, "fields": {"action_time": "2025-03-27T07:19:12.196Z", "user": "25624c1f-a60d-469c-a747-211a056d70f1", "content_type": 3, "object_id": "2", "object_repr": "USER_MANAGER", "action_flag": 1, "change_message": "[{\"added\": {}}]"}}, {"model": "admin.logentry", "pk": 3, "fields": {"action_time": "2025-03-27T07:19:23.356Z", "user": "25624c1f-a60d-469c-a747-211a056d70f1", "content_type": 3, "object_id": "3", "object_repr": "VIEWER", "action_flag": 1, "change_message": "[{\"added\": {}}]"}}, {"model": "admin.logentry", "pk": 4, "fields": {"action_time": "2025-03-27T07:19:32.861Z", "user": "25624c1f-a60d-469c-a747-211a056d70f1", "content_type": 3, "object_id": "4", "object_repr": "EVALUATOR", "action_flag": 1, "change_message": "[{\"added\": {}}]"}}, {"model": "admin.logentry", "pk": 5, "fields": {"action_time": "2025-03-27T07:19:54.521Z", "user": "25624c1f-a60d-469c-a747-211a056d70f1", "content_type": 3, "object_id": "5", "object_repr": "CEC_SECRETARIAT", "action_flag": 1, "change_message": "[{\"added\": {}}]"}}, {"model": "admin.logentry", "pk": 6, "fields": {"action_time": "2025-03-27T07:20:20.675Z", "user": "25624c1f-a60d-469c-a747-211a056d70f1", "content_type": 3, "object_id": "6", "object_repr": "LEAD_COACH", "action_flag": 1, "change_message": "[{\"added\": {}}]"}}, {"model": "admin.logentry", "pk": 7, "fields": {"action_time": "2025-03-27T07:21:16.262Z", "user": "25624c1f-a60d-469c-a747-211a056d70f1", "content_type": 6, "object_id": "25624c1f-a60d-469c-a747-211a056d70f1", "object_repr": "25624c1f-a60d-469c-a747-211a056d70f1", "action_flag": 2, "change_message": "[{\"changed\": {\"fields\": [\"First name\", \"Last name\", \"Group\"]}}]"}}, {"model": "admin.logentry", "pk": 8, "fields": {"action_time": "2025-03-27T07:22:18.650Z", "user": "25624c1f-a60d-469c-a747-211a056d70f1", "content_type": 6, "object_id": "e6bcacf4-a1d2-40b4-bd1a-4e38a8f3ec6c", "object_repr": "e6bcacf4-a1d2-40b4-bd1a-4e38a8f3ec6c", "action_flag": 1, "change_message": "[{\"added\": {}}]"}}, {"model": "admin.logentry", "pk": 9, "fields": {"action_time": "2025-03-27T07:37:28.432Z", "user": "25624c1f-a60d-469c-a747-211a056d70f1", "content_type": 6, "object_id": "25624c1f-a60d-469c-a747-211a056d70f1", "object_repr": "25624c1f-a60d-469c-a747-211a056d70f1", "action_flag": 2, "change_message": "[{\"changed\": {\"fields\": [\"Groups\"]}}]"}}, {"model": "admin.logentry", "pk": 10, "fields": {"action_time": "2025-04-28T06:24:31.558Z", "user": "25624c1f-a60d-469c-a747-211a056d70f1", "content_type": 6, "object_id": "25624c1f-a60d-469c-a747-211a056d70f1", "object_repr": "25624c1f-a60d-469c-a747-211a056d70f1", "action_flag": 2, "change_message": "[{\"changed\": {\"fields\": [\"Groups\", \"Group\"]}}]"}}, {"model": "admin.logentry", "pk": 11, "fields": {"action_time": "2025-04-28T06:30:13.483Z", "user": "25624c1f-a60d-469c-a747-211a056d70f1", "content_type": 6, "object_id": "f21139df-8b81-4483-9a9c-63009c800ad8", "object_repr": "f21139df-8b81-4483-9a9c-63009c800ad8", "action_flag": 2, "change_message": "[{\"changed\": {\"fields\": [\"Groups\"]}}]"}}, {"model": "admin.logentry", "pk": 12, "fields": {"action_time": "2025-04-28T06:31:33.058Z", "user": "25624c1f-a60d-469c-a747-211a056d70f1", "content_type": 6, "object_id": "25624c1f-a60d-469c-a747-211a056d70f1", "object_repr": "25624c1f-a60d-469c-a747-211a056d70f1", "action_flag": 2, "change_message": "[{\"changed\": {\"fields\": [\"Groups\", \"Group\"]}}]"}}, {"model": "admin.logentry", "pk": 13, "fields": {"action_time": "2025-06-09T06:55:52.415Z", "user": "e6bcacf4-a1d2-40b4-bd1a-4e38a8f3ec6c", "content_type": 6, "object_id": "f21139df-8b81-4483-9a9c-63009c800ad8", "object_repr": "f21139df-8b81-4483-9a9c-63009c800ad8", "action_flag": 2, "change_message": "[{\"changed\": {\"fields\": [\"Groups\", \"Is superuser\"]}}]"}}, {"model": "auth.permission", "pk": 1, "fields": {"name": "Can add log entry", "content_type": 1, "codename": "add_logentry"}}, {"model": "auth.permission", "pk": 2, "fields": {"name": "Can change log entry", "content_type": 1, "codename": "change_logentry"}}, {"model": "auth.permission", "pk": 3, "fields": {"name": "Can delete log entry", "content_type": 1, "codename": "delete_logentry"}}, {"model": "auth.permission", "pk": 4, "fields": {"name": "Can view log entry", "content_type": 1, "codename": "view_logentry"}}, {"model": "auth.permission", "pk": 5, "fields": {"name": "Can add permission", "content_type": 2, "codename": "add_permission"}}, {"model": "auth.permission", "pk": 6, "fields": {"name": "Can change permission", "content_type": 2, "codename": "change_permission"}}, {"model": "auth.permission", "pk": 7, "fields": {"name": "Can delete permission", "content_type": 2, "codename": "delete_permission"}}, {"model": "auth.permission", "pk": 8, "fields": {"name": "Can view permission", "content_type": 2, "codename": "view_permission"}}, {"model": "auth.permission", "pk": 9, "fields": {"name": "Can add group", "content_type": 3, "codename": "add_group"}}, {"model": "auth.permission", "pk": 10, "fields": {"name": "Can change group", "content_type": 3, "codename": "change_group"}}, {"model": "auth.permission", "pk": 11, "fields": {"name": "Can delete group", "content_type": 3, "codename": "delete_group"}}, {"model": "auth.permission", "pk": 12, "fields": {"name": "Can view group", "content_type": 3, "codename": "view_group"}}, {"model": "auth.permission", "pk": 13, "fields": {"name": "Can add content type", "content_type": 4, "codename": "add_contenttype"}}, {"model": "auth.permission", "pk": 14, "fields": {"name": "Can change content type", "content_type": 4, "codename": "change_contenttype"}}, {"model": "auth.permission", "pk": 15, "fields": {"name": "Can delete content type", "content_type": 4, "codename": "delete_contenttype"}}, {"model": "auth.permission", "pk": 16, "fields": {"name": "Can view content type", "content_type": 4, "codename": "view_contenttype"}}, {"model": "auth.permission", "pk": 17, "fields": {"name": "Can add session", "content_type": 5, "codename": "add_session"}}, {"model": "auth.permission", "pk": 18, "fields": {"name": "Can change session", "content_type": 5, "codename": "change_session"}}, {"model": "auth.permission", "pk": 19, "fields": {"name": "Can delete session", "content_type": 5, "codename": "delete_session"}}, {"model": "auth.permission", "pk": 20, "fields": {"name": "Can view session", "content_type": 5, "codename": "view_session"}}, {"model": "auth.permission", "pk": 21, "fields": {"name": "Can add user", "content_type": 6, "codename": "add_user"}}, {"model": "auth.permission", "pk": 22, "fields": {"name": "Can change user", "content_type": 6, "codename": "change_user"}}, {"model": "auth.permission", "pk": 23, "fields": {"name": "Can delete user", "content_type": 6, "codename": "delete_user"}}, {"model": "auth.permission", "pk": 24, "fields": {"name": "Can view user", "content_type": 6, "codename": "view_user"}}, {"model": "auth.permission", "pk": 25, "fields": {"name": "Can add account activity", "content_type": 7, "codename": "add_accountactivity"}}, {"model": "auth.permission", "pk": 26, "fields": {"name": "Can change account activity", "content_type": 7, "codename": "change_accountactivity"}}, {"model": "auth.permission", "pk": 27, "fields": {"name": "Can delete account activity", "content_type": 7, "codename": "delete_accountactivity"}}, {"model": "auth.permission", "pk": 28, "fields": {"name": "Can view account activity", "content_type": 7, "codename": "view_accountactivity"}}, {"model": "auth.permission", "pk": 29, "fields": {"name": "Can add achievement", "content_type": 8, "codename": "add_achievement"}}, {"model": "auth.permission", "pk": 30, "fields": {"name": "Can change achievement", "content_type": 8, "codename": "change_achievement"}}, {"model": "auth.permission", "pk": 31, "fields": {"name": "Can delete achievement", "content_type": 8, "codename": "delete_achievement"}}, {"model": "auth.permission", "pk": 32, "fields": {"name": "Can view achievement", "content_type": 8, "codename": "view_achievement"}}, {"model": "auth.permission", "pk": 33, "fields": {"name": "Can add borough", "content_type": 9, "codename": "add_borough"}}, {"model": "auth.permission", "pk": 34, "fields": {"name": "Can change borough", "content_type": 9, "codename": "change_borough"}}, {"model": "auth.permission", "pk": 35, "fields": {"name": "Can delete borough", "content_type": 9, "codename": "delete_borough"}}, {"model": "auth.permission", "pk": 36, "fields": {"name": "Can view borough", "content_type": 9, "codename": "view_borough"}}, {"model": "auth.permission", "pk": 37, "fields": {"name": "Can add budget financial year", "content_type": 10, "codename": "add_budgetfinancialyear"}}, {"model": "auth.permission", "pk": 38, "fields": {"name": "Can change budget financial year", "content_type": 10, "codename": "change_budgetfinancialyear"}}, {"model": "auth.permission", "pk": 39, "fields": {"name": "Can delete budget financial year", "content_type": 10, "codename": "delete_budgetfinancialyear"}}, {"model": "auth.permission", "pk": 40, "fields": {"name": "Can view budget financial year", "content_type": 10, "codename": "view_budgetfinancialyear"}}, {"model": "auth.permission", "pk": 41, "fields": {"name": "Can add cabinet memo", "content_type": 11, "codename": "add_cabinetmemo"}}, {"model": "auth.permission", "pk": 42, "fields": {"name": "Can change cabinet memo", "content_type": 11, "codename": "change_cabinetmemo"}}, {"model": "auth.permission", "pk": 43, "fields": {"name": "Can delete cabinet memo", "content_type": 11, "codename": "delete_cabinetmemo"}}, {"model": "auth.permission", "pk": 44, "fields": {"name": "Can view cabinet memo", "content_type": 11, "codename": "view_cabinetmemo"}}, {"model": "auth.permission", "pk": 45, "fields": {"name": "Can add department", "content_type": 12, "codename": "add_department"}}, {"model": "auth.permission", "pk": 46, "fields": {"name": "Can change department", "content_type": 12, "codename": "change_department"}}, {"model": "auth.permission", "pk": 47, "fields": {"name": "Can delete department", "content_type": 12, "codename": "delete_department"}}, {"model": "auth.permission", "pk": 48, "fields": {"name": "Can view department", "content_type": 12, "codename": "view_department"}}, {"model": "auth.permission", "pk": 49, "fields": {"name": "Can add directorate", "content_type": 13, "codename": "add_directorate"}}, {"model": "auth.permission", "pk": 50, "fields": {"name": "Can change directorate", "content_type": 13, "codename": "change_directorate"}}, {"model": "auth.permission", "pk": 51, "fields": {"name": "Can delete directorate", "content_type": 13, "codename": "delete_directorate"}}, {"model": "auth.permission", "pk": 52, "fields": {"name": "Can view directorate", "content_type": 13, "codename": "view_directorate"}}, {"model": "auth.permission", "pk": 53, "fields": {"name": "Can add project sub category", "content_type": 14, "codename": "add_projectsubcategory"}}, {"model": "auth.permission", "pk": 54, "fields": {"name": "Can change project sub category", "content_type": 14, "codename": "change_projectsubcategory"}}, {"model": "auth.permission", "pk": 55, "fields": {"name": "Can delete project sub category", "content_type": 14, "codename": "delete_projectsubcategory"}}, {"model": "auth.permission", "pk": 56, "fields": {"name": "Can view project sub category", "content_type": 14, "codename": "view_projectsubcategory"}}, {"model": "auth.permission", "pk": 57, "fields": {"name": "Can add rri goals", "content_type": 15, "codename": "add_rrigoals"}}, {"model": "auth.permission", "pk": 58, "fields": {"name": "Can change rri goals", "content_type": 15, "codename": "change_rrigoals"}}, {"model": "auth.permission", "pk": 59, "fields": {"name": "Can delete rri goals", "content_type": 15, "codename": "delete_rrigoals"}}, {"model": "auth.permission", "pk": 60, "fields": {"name": "Can view rri goals", "content_type": 15, "codename": "view_rrigoals"}}, {"model": "auth.permission", "pk": 61, "fields": {"name": "Can add sector", "content_type": 16, "codename": "add_sector"}}, {"model": "auth.permission", "pk": 62, "fields": {"name": "Can change sector", "content_type": 16, "codename": "change_sector"}}, {"model": "auth.permission", "pk": 63, "fields": {"name": "Can delete sector", "content_type": 16, "codename": "delete_sector"}}, {"model": "auth.permission", "pk": 64, "fields": {"name": "Can view sector", "content_type": 16, "codename": "view_sector"}}, {"model": "auth.permission", "pk": 65, "fields": {"name": "Can add sub county", "content_type": 17, "codename": "add_subcounty"}}, {"model": "auth.permission", "pk": 66, "fields": {"name": "Can change sub county", "content_type": 17, "codename": "change_subcounty"}}, {"model": "auth.permission", "pk": 67, "fields": {"name": "Can delete sub county", "content_type": 17, "codename": "delete_subcounty"}}, {"model": "auth.permission", "pk": 68, "fields": {"name": "Can view sub county", "content_type": 17, "codename": "view_subcounty"}}, {"model": "auth.permission", "pk": 69, "fields": {"name": "Can add title", "content_type": 18, "codename": "add_title"}}, {"model": "auth.permission", "pk": 70, "fields": {"name": "Can change title", "content_type": 18, "codename": "change_title"}}, {"model": "auth.permission", "pk": 71, "fields": {"name": "Can delete title", "content_type": 18, "codename": "delete_title"}}, {"model": "auth.permission", "pk": 72, "fields": {"name": "Can view title", "content_type": 18, "codename": "view_title"}}, {"model": "auth.permission", "pk": 73, "fields": {"name": "Can add work plan", "content_type": 19, "codename": "add_workplan"}}, {"model": "auth.permission", "pk": 74, "fields": {"name": "Can change work plan", "content_type": 19, "codename": "change_workplan"}}, {"model": "auth.permission", "pk": 75, "fields": {"name": "Can delete work plan", "content_type": 19, "codename": "delete_workplan"}}, {"model": "auth.permission", "pk": 76, "fields": {"name": "Can view work plan", "content_type": 19, "codename": "view_workplan"}}, {"model": "auth.permission", "pk": 77, "fields": {"name": "Can add weekly reports", "content_type": 20, "codename": "add_weeklyreports"}}, {"model": "auth.permission", "pk": 78, "fields": {"name": "Can change weekly reports", "content_type": 20, "codename": "change_weeklyreports"}}, {"model": "auth.permission", "pk": 79, "fields": {"name": "Can delete weekly reports", "content_type": 20, "codename": "delete_weeklyreports"}}, {"model": "auth.permission", "pk": 80, "fields": {"name": "Can view weekly reports", "content_type": 20, "codename": "view_weeklyreports"}}, {"model": "auth.permission", "pk": 81, "fields": {"name": "Can add wave", "content_type": 21, "codename": "add_wave"}}, {"model": "auth.permission", "pk": 82, "fields": {"name": "Can change wave", "content_type": 21, "codename": "change_wave"}}, {"model": "auth.permission", "pk": 83, "fields": {"name": "Can delete wave", "content_type": 21, "codename": "delete_wave"}}, {"model": "auth.permission", "pk": 84, "fields": {"name": "Can view wave", "content_type": 21, "codename": "view_wave"}}, {"model": "auth.permission", "pk": 85, "fields": {"name": "Can add ward", "content_type": 22, "codename": "add_ward"}}, {"model": "auth.permission", "pk": 86, "fields": {"name": "Can change ward", "content_type": 22, "codename": "change_ward"}}, {"model": "auth.permission", "pk": 87, "fields": {"name": "Can delete ward", "content_type": 22, "codename": "delete_ward"}}, {"model": "auth.permission", "pk": 88, "fields": {"name": "Can view ward", "content_type": 22, "codename": "view_ward"}}, {"model": "auth.permission", "pk": 89, "fields": {"name": "Can add thematic area", "content_type": 23, "codename": "add_thematicarea"}}, {"model": "auth.permission", "pk": 90, "fields": {"name": "Can change thematic area", "content_type": 23, "codename": "change_thematicarea"}}, {"model": "auth.permission", "pk": 91, "fields": {"name": "Can delete thematic area", "content_type": 23, "codename": "delete_thematicarea"}}, {"model": "auth.permission", "pk": 92, "fields": {"name": "Can view thematic area", "content_type": 23, "codename": "view_thematicarea"}}, {"model": "auth.permission", "pk": 93, "fields": {"name": "Can add team members", "content_type": 24, "codename": "add_teammembers"}}, {"model": "auth.permission", "pk": 94, "fields": {"name": "Can change team members", "content_type": 24, "codename": "change_teammembers"}}, {"model": "auth.permission", "pk": 95, "fields": {"name": "Can delete team members", "content_type": 24, "codename": "delete_teammembers"}}, {"model": "auth.permission", "pk": 96, "fields": {"name": "Can view team members", "content_type": 24, "codename": "view_teammembers"}}, {"model": "auth.permission", "pk": 97, "fields": {"name": "Can add sub sector", "content_type": 25, "codename": "add_subsector"}}, {"model": "auth.permission", "pk": 98, "fields": {"name": "Can change sub sector", "content_type": 25, "codename": "change_subsector"}}, {"model": "auth.permission", "pk": 99, "fields": {"name": "Can delete sub sector", "content_type": 25, "codename": "delete_subsector"}}, {"model": "auth.permission", "pk": 100, "fields": {"name": "Can view sub sector", "content_type": 25, "codename": "view_subsector"}}, {"model": "auth.permission", "pk": 101, "fields": {"name": "Can add result chain", "content_type": 26, "codename": "add_resultchain"}}, {"model": "auth.permission", "pk": 102, "fields": {"name": "Can change result chain", "content_type": 26, "codename": "change_resultchain"}}, {"model": "auth.permission", "pk": 103, "fields": {"name": "Can delete result chain", "content_type": 26, "codename": "delete_resultchain"}}, {"model": "auth.permission", "pk": 104, "fields": {"name": "Can view result chain", "content_type": 26, "codename": "view_resultchain"}}, {"model": "auth.permission", "pk": 105, "fields": {"name": "Can add overseer", "content_type": 27, "codename": "add_overseer"}}, {"model": "auth.permission", "pk": 106, "fields": {"name": "Can change overseer", "content_type": 27, "codename": "change_overseer"}}, {"model": "auth.permission", "pk": 107, "fields": {"name": "Can delete overseer", "content_type": 27, "codename": "delete_overseer"}}, {"model": "auth.permission", "pk": 108, "fields": {"name": "Can view overseer", "content_type": 27, "codename": "view_overseer"}}, {"model": "auth.permission", "pk": 109, "fields": {"name": "Can add objective comment", "content_type": 28, "codename": "add_objectivecomment"}}, {"model": "auth.permission", "pk": 110, "fields": {"name": "Can change objective comment", "content_type": 28, "codename": "change_objectivecomment"}}, {"model": "auth.permission", "pk": 111, "fields": {"name": "Can delete objective comment", "content_type": 28, "codename": "delete_objectivecomment"}}, {"model": "auth.permission", "pk": 112, "fields": {"name": "Can view objective comment", "content_type": 28, "codename": "view_objectivecomment"}}, {"model": "auth.permission", "pk": 113, "fields": {"name": "Can add evaluation", "content_type": 29, "codename": "add_evaluation"}}, {"model": "auth.permission", "pk": 114, "fields": {"name": "Can change evaluation", "content_type": 29, "codename": "change_evaluation"}}, {"model": "auth.permission", "pk": 115, "fields": {"name": "Can delete evaluation", "content_type": 29, "codename": "delete_evaluation"}}, {"model": "auth.permission", "pk": 116, "fields": {"name": "Can view evaluation", "content_type": 29, "codename": "view_evaluation"}}, {"model": "auth.permission", "pk": 117, "fields": {"name": "Can add estate", "content_type": 30, "codename": "add_estate"}}, {"model": "auth.permission", "pk": 118, "fields": {"name": "Can change estate", "content_type": 30, "codename": "change_estate"}}, {"model": "auth.permission", "pk": 119, "fields": {"name": "Can delete estate", "content_type": 30, "codename": "delete_estate"}}, {"model": "auth.permission", "pk": 120, "fields": {"name": "Can view estate", "content_type": 30, "codename": "view_estate"}}, {"model": "auth.permission", "pk": 121, "fields": {"name": "Can add cabinet memo approval status", "content_type": 31, "codename": "add_cabinetmemoapprovalstatus"}}, {"model": "auth.permission", "pk": 122, "fields": {"name": "Can change cabinet memo approval status", "content_type": 31, "codename": "change_cabinetmemoapprovalstatus"}}, {"model": "auth.permission", "pk": 123, "fields": {"name": "Can delete cabinet memo approval status", "content_type": 31, "codename": "delete_cabinetmemoapprovalstatus"}}, {"model": "auth.permission", "pk": 124, "fields": {"name": "Can view cabinet memo approval status", "content_type": 31, "codename": "view_cabinetmemoapprovalstatus"}}, {"model": "auth.permission", "pk": 125, "fields": {"name": "Can add assigned evaluations", "content_type": 32, "codename": "add_assignedevaluations"}}, {"model": "auth.permission", "pk": 126, "fields": {"name": "Can change assigned evaluations", "content_type": 32, "codename": "change_assignedevaluations"}}, {"model": "auth.permission", "pk": 127, "fields": {"name": "Can delete assigned evaluations", "content_type": 32, "codename": "delete_assignedevaluations"}}, {"model": "auth.permission", "pk": 128, "fields": {"name": "Can view assigned evaluations", "content_type": 32, "codename": "view_assignedevaluations"}}, {"model": "auth.permission", "pk": 129, "fields": {"name": "Can add achievement documents", "content_type": 33, "codename": "add_achievementdocuments"}}, {"model": "auth.permission", "pk": 130, "fields": {"name": "Can change achievement documents", "content_type": 33, "codename": "change_achievementdocuments"}}, {"model": "auth.permission", "pk": 131, "fields": {"name": "Can delete achievement documents", "content_type": 33, "codename": "delete_achievementdocuments"}}, {"model": "auth.permission", "pk": 132, "fields": {"name": "Can view achievement documents", "content_type": 33, "codename": "view_achievementdocuments"}}, {"model": "auth.group", "pk": 1, "fields": {"name": "ADMIN", "permissions": [25, 26, 27, 28, 21, 22, 23, 24, 1, 2, 3, 4, 29, 30, 31, 32, 129, 130, 131, 132, 125, 126, 127, 128, 33, 34, 35, 36, 37, 38, 39, 40, 41, 42, 43, 44, 121, 122, 123, 124, 45, 46, 47, 48, 49, 50, 51, 52, 117, 118, 119, 120, 113, 114, 115, 116, 109, 110, 111, 112, 105, 106, 107, 108, 53, 54, 55, 56, 101, 102, 103, 104, 57, 58, 59, 60, 61, 62, 63, 64, 65, 66, 67, 68, 97, 98, 99, 100, 93, 94, 95, 96, 89, 90, 91, 92, 69, 70, 71, 72, 85, 86, 87, 88, 81, 82, 83, 84, 77, 78, 79, 80, 73, 74, 75, 76, 9, 10, 11, 12, 5, 6, 7, 8, 13, 14, 15, 16, 17, 18, 19, 20]}}, {"model": "auth.group", "pk": 2, "fields": {"name": "USER_MANAGER", "permissions": [25, 26, 27, 28, 21, 22, 23, 24, 1, 2, 3, 4, 29, 30, 31, 32, 129, 130, 131, 132, 125, 126, 127, 128, 33, 34, 35, 36, 37, 38, 39, 40, 41, 42, 43, 44, 121, 122, 123, 124, 45, 46, 47, 48, 49, 50, 51, 52, 117, 118, 119, 120, 113, 114, 115, 116, 109, 110, 111, 112, 105, 106, 107, 108, 53, 54, 55, 56, 101, 102, 103, 104, 57, 58, 59, 60, 61, 62, 63, 64, 65, 66, 67, 68, 97, 98, 99, 100, 93, 94, 95, 96, 89, 90, 91, 92, 69, 70, 71, 72, 85, 86, 87, 88, 81, 82, 83, 84, 77, 78, 79, 80, 73, 74, 75, 76, 9, 10, 11, 12, 5, 6, 7, 8, 13, 14, 15, 16, 17, 18, 19, 20]}}, {"model": "auth.group", "pk": 3, "fields": {"name": "VIEWER", "permissions": [25, 26, 27, 28, 21, 22, 23, 24, 1, 2, 3, 4, 29, 30, 31, 32, 129, 130, 131, 132, 125, 126, 127, 128, 33, 34, 35, 36, 37, 38, 39, 40, 41, 42, 43, 44, 121, 122, 123, 124, 45, 46, 47, 48, 49, 50, 51, 52, 117, 118, 119, 120, 113, 114, 115, 116, 109, 110, 111, 112, 105, 106, 107, 108, 53, 54, 55, 56, 101, 102, 103, 104, 57, 58, 59, 60, 61, 62, 63, 64, 65, 66, 67, 68, 97, 98, 99, 100, 93, 94, 95, 96, 89, 90, 91, 92, 69, 70, 71, 72, 85, 86, 87, 88, 81, 82, 83, 84, 77, 78, 79, 80, 73, 74, 75, 76, 9, 10, 11, 12, 5, 6, 7, 8, 13, 14, 15, 16, 17, 18, 19, 20]}}, {"model": "auth.group", "pk": 4, "fields": {"name": "EVALUATOR", "permissions": [25, 26, 27, 28, 21, 22, 23, 24, 1, 2, 3, 4, 29, 30, 31, 32, 129, 130, 131, 132, 125, 126, 127, 128, 33, 34, 35, 36, 37, 38, 39, 40, 41, 42, 43, 44, 121, 122, 123, 124, 45, 46, 47, 48, 49, 50, 51, 52, 117, 118, 119, 120, 113, 114, 115, 116, 109, 110, 111, 112, 105, 106, 107, 108, 53, 54, 55, 56, 101, 102, 103, 104, 57, 58, 59, 60, 61, 62, 63, 64, 65, 66, 67, 68, 97, 98, 99, 100, 93, 94, 95, 96, 89, 90, 91, 92, 69, 70, 71, 72, 85, 86, 87, 88, 81, 82, 83, 84, 77, 78, 79, 80, 73, 74, 75, 76, 9, 10, 11, 12, 5, 6, 7, 8, 13, 14, 15, 16, 17, 18, 19, 20]}}, {"model": "auth.group", "pk": 5, "fields": {"name": "CEC_SECRETARIAT", "permissions": [25, 26, 27, 28, 21, 22, 23, 24, 1, 2, 3, 4, 29, 30, 31, 32, 129, 130, 131, 132, 125, 126, 127, 128, 33, 34, 35, 36, 37, 38, 39, 40, 41, 42, 43, 44, 121, 122, 123, 124, 45, 46, 47, 48, 49, 50, 51, 52, 117, 118, 119, 120, 113, 114, 115, 116, 109, 110, 111, 112, 105, 106, 107, 108, 53, 54, 55, 56, 101, 102, 103, 104, 57, 58, 59, 60, 61, 62, 63, 64, 65, 66, 67, 68, 97, 98, 99, 100, 93, 94, 95, 96, 89, 90, 91, 92, 69, 70, 71, 72, 85, 86, 87, 88, 81, 82, 83, 84, 77, 78, 79, 80, 73, 74, 75, 76, 9, 10, 11, 12, 5, 6, 7, 8, 13, 14, 15, 16, 17, 18, 19, 20]}}, {"model": "auth.group", "pk": 6, "fields": {"name": "LEAD_COACH", "permissions": [25, 26, 27, 28, 21, 22, 23, 24, 1, 2, 3, 4, 29, 30, 31, 32, 129, 130, 131, 132, 125, 126, 127, 128, 33, 34, 35, 36, 37, 38, 39, 40, 41, 42, 43, 44, 121, 122, 123, 124, 45, 46, 47, 48, 49, 50, 51, 52, 117, 118, 119, 120, 113, 114, 115, 116, 109, 110, 111, 112, 105, 106, 107, 108, 53, 54, 55, 56, 101, 102, 103, 104, 57, 58, 59, 60, 61, 62, 63, 64, 65, 66, 67, 68, 97, 98, 99, 100, 93, 94, 95, 96, 89, 90, 91, 92, 69, 70, 71, 72, 85, 86, 87, 88, 81, 82, 83, 84, 77, 78, 79, 80, 73, 74, 75, 76, 9, 10, 11, 12, 5, 6, 7, 8, 13, 14, 15, 16, 17, 18, 19, 20]}}, {"model": "contenttypes.contenttype", "pk": 1, "fields": {"app_label": "admin", "model": "logentry"}}, {"model": "contenttypes.contenttype", "pk": 2, "fields": {"app_label": "auth", "model": "permission"}}, {"model": "contenttypes.contenttype", "pk": 3, "fields": {"app_label": "auth", "model": "group"}}, {"model": "contenttypes.contenttype", "pk": 4, "fields": {"app_label": "contenttypes", "model": "contenttype"}}, {"model": "contenttypes.contenttype", "pk": 5, "fields": {"app_label": "sessions", "model": "session"}}, {"model": "contenttypes.contenttype", "pk": 6, "fields": {"app_label": "acl", "model": "user"}}, {"model": "contenttypes.contenttype", "pk": 7, "fields": {"app_label": "acl", "model": "accountactivity"}}, {"model": "contenttypes.contenttype", "pk": 8, "fields": {"app_label": "api", "model": "achievement"}}, {"model": "contenttypes.contenttype", "pk": 9, "fields": {"app_label": "api", "model": "borough"}}, {"model": "contenttypes.contenttype", "pk": 10, "fields": {"app_label": "api", "model": "budgetfinancialyear"}}, {"model": "contenttypes.contenttype", "pk": 11, "fields": {"app_label": "api", "model": "cabinetmemo"}}, {"model": "contenttypes.contenttype", "pk": 12, "fields": {"app_label": "api", "model": "department"}}, {"model": "contenttypes.contenttype", "pk": 13, "fields": {"app_label": "api", "model": "directorate"}}, {"model": "contenttypes.contenttype", "pk": 14, "fields": {"app_label": "api", "model": "projectsubcategory"}}, {"model": "contenttypes.contenttype", "pk": 15, "fields": {"app_label": "api", "model": "rrigoals"}}, {"model": "contenttypes.contenttype", "pk": 16, "fields": {"app_label": "api", "model": "sector"}}, {"model": "contenttypes.contenttype", "pk": 17, "fields": {"app_label": "api", "model": "subcounty"}}, {"model": "contenttypes.contenttype", "pk": 18, "fields": {"app_label": "api", "model": "title"}}, {"model": "contenttypes.contenttype", "pk": 19, "fields": {"app_label": "api", "model": "workplan"}}, {"model": "contenttypes.contenttype", "pk": 20, "fields": {"app_label": "api", "model": "weeklyreports"}}, {"model": "contenttypes.contenttype", "pk": 21, "fields": {"app_label": "api", "model": "wave"}}, {"model": "contenttypes.contenttype", "pk": 22, "fields": {"app_label": "api", "model": "ward"}}, {"model": "contenttypes.contenttype", "pk": 23, "fields": {"app_label": "api", "model": "thematicarea"}}, {"model": "contenttypes.contenttype", "pk": 24, "fields": {"app_label": "api", "model": "teammembers"}}, {"model": "contenttypes.contenttype", "pk": 25, "fields": {"app_label": "api", "model": "subsector"}}, {"model": "contenttypes.contenttype", "pk": 26, "fields": {"app_label": "api", "model": "resultchain"}}, {"model": "contenttypes.contenttype", "pk": 27, "fields": {"app_label": "api", "model": "overseer"}}, {"model": "contenttypes.contenttype", "pk": 28, "fields": {"app_label": "api", "model": "objectivecomment"}}, {"model": "contenttypes.contenttype", "pk": 29, "fields": {"app_label": "api", "model": "evaluation"}}, {"model": "contenttypes.contenttype", "pk": 30, "fields": {"app_label": "api", "model": "estate"}}, {"model": "contenttypes.contenttype", "pk": 31, "fields": {"app_label": "api", "model": "cabinetmemoapprovalstatus"}}, {"model": "contenttypes.contenttype", "pk": 32, "fields": {"app_label": "api", "model": "assignedevaluations"}}, {"model": "contenttypes.contenttype", "pk": 33, "fields": {"app_label": "api", "model": "achievementdocuments"}}, {"model": "sessions.session", "pk": "as0iowwl7ua4ulq2wzhf8xekly6ikyu8", "fields": {"session_data": ".eJxVjDsOwjAQBe_imlj-rNeYkp4zRLtrmwRQIuVTIe5OIqWA4lUz896qpXXp2nUuU9tndVEuoAOxtSE0uQFM0lCE2DhryQTM0VSrTr8ZkzzLsLf5QcN91DIOy9Sz3hV90Fnfxlxe18P9O-ho7rZayAFW5lINFuEAwskFYURvCarJ7gxnQ8BFSkL2bHzikuI2b7MP6vMFt_ZBXQ:1u9Ht5:JOELfL7p4-A_jY-RQ8yKNeAyBGuvnQNY0GemsuUaKBM", "expire_date": "2025-05-12T06:22:43.818Z"}}, {"model": "sessions.session", "pk": "let5skl2yckggybk0o7at5m489x3srtr", "fields": {"session_data": ".eJxVjjsOwjAQRO_imlhef9YsJT1niNZemwRQIuVTIe5OIqWAet6bmbdqeV26dp3L1PaiLsoGtD5DbRiNNB4pNxx9bCwAm4ASTQV1-tUS52cZdlcePNxHncdhmfqkd0Qf6axvo5TX9WD_Cjqeu81GIgsEQixStq0EtVLwFM-AASqKk7PJyZDL4t32xFlrUwqhBHTOF_X5AnxGP_Q:1uNABG:i6rLvqkSc_wS82svV5hsAIdCH67LH_ct9LTG_EQwWqY", "expire_date": "2025-06-19T12:58:50.949Z"}}, {"model": "sessions.session", "pk": "o6r07yv0lw81y0vm22lqoyc4uzmudip6", "fields": {"session_data": ".eJxVjjsOwjAQRO_imlhef9YsJT1niNZemwRQIuVTIe5OIqWAet6bmbdqeV26dp3L1PaiLsoGtD5DbRiNNB4pNxx9bCwAm4ASTQV1-tUS52cZdlcePNxHncdhmfqkd0Qf6axvo5TX9WD_Cjqeu81GIgsEQixStq0EtVLwFM-AASqKk7PJyZDL4t32xFlrUwqhBHTOF_X5AnxGP_Q:1uOwS6:zEwfDvj0QYMK4yPd3Uvu5WfjqaHHJvG2ZoFRkrdv8mY", "expire_date": "2025-06-24T10:43:34.732Z"}}, {"model": "sessions.session", "pk": "rcrhyp9tgn2xtuzpygvvp428w3muwf2d", "fields": {"session_data": ".eJxVjDsOwjAQBe_imlj2-hObkp4zRLvrNQmgRMqnQtwdIqWA9s3Me6kOt7XvtkXmbijqrCQSI1ffoC3QeEO-oWKx8eISpuqEI6vTb0bIDxn3ttxxvE2ap3GdB9K7og-66OtU5Hk53L-DHpd-r13wkgJRBsg1SwzGgnPGUXAxgmvBRxsZAHMopjJYIoPfvcWQySf1_gB2WEDG:1uOWKI:_bGMl5xtJUw068ToTcwLLs_xpWD6NYvLA1v1PO8oFec", "expire_date": "2025-06-23T06:49:46.760Z"}}, {"model": "sessions.session", "pk": "y39yb13ya6093t3by98778fcqhr96yub", "fields": {"session_data": ".eJxVjDsOwjAQBe_imlj-rNeYkp4zRLtrmwRQIuVTIe5OIqWA4lUz896qpXXp2nUuU9tndVEuoAOxtSE0uQFM0lCE2DhryQTM0VSrTr8ZkzzLsLf5QcN91DIOy9Sz3hV90Fnfxlxe18P9O-ho7rZayAFW5lINFuEAwskFYURvCarJ7gxnQ8BFSkL2bHzikuI2b7MP6vMFt_ZBXQ:1txhVB:n17E6hlJ9dvP3n5ut7-wRN7yPBCh4Y8_jlQmYdbp4ek", "expire_date": "2025-04-10T07:18:09.115Z"}}, {"model": "acl.user", "pk": "25624c1f-a60d-469c-a747-211a056d70f1", "fields": {"password": "pbkdf2_sha256$1000000$D2GPRPCmjmcU0YqSpketn2$7kHzzGu3ZHDscQjF4ArByX0KJSzx/BjO5t0svPw3Sis=", "last_login": "2025-06-10T10:43:27.207Z", "email": "munyasia225@gmail.com", "first_name": "Ben", "last_name": "Munyasia", "is_active": true, "is_superuser": true, "is_staff": true, "is_suspended": false, "date_created": "2025-03-27T07:16:36.306Z", "group": 1, "groups": [1], "user_permissions": []}}, {"model": "acl.user", "pk": "c8ff4a9a-c558-4e49-b06d-f54eb0b20e97", "fields": {"password": "pbkdf2_sha256$600000$Hdudf2Qap8C7efCdkPIwZE$d7/fItLwx0cU9au8Ts94nbzXBElNCZvBYFbMfiBB15w=", "last_login": null, "email": "itsalisonjoy@gmail.com", "first_name": "Alison", "last_name": "Joy", "is_active": true, "is_superuser": false, "is_staff": false, "is_suspended": false, "date_created": "2025-03-27T07:43:32.232Z", "group": null, "groups": [1], "user_permissions": []}}, {"model": "acl.user", "pk": "e6bcacf4-a1d2-40b4-bd1a-4e38a8f3ec6c", "fields": {"password": "pbkdf2_sha256$600000$LVuEOBDkSSvJH96JZ1xukm$PH4ND6hNmkbWS2a4AXbrF4mtAnV1Ys3I8gSt29OCjLM=", "last_login": "2025-06-09T06:49:45.902Z", "email": "austojun007@gmail.com", "first_name": "Austin", "last_name": "Okola", "is_active": true, "is_superuser": true, "is_staff": true, "is_suspended": false, "date_created": "2025-03-27T07:22:18.647Z", "group": 1, "groups": [1], "user_permissions": []}}, {"model": "acl.user", "pk": "f21139df-8b81-4483-9a9c-63009c800ad8", "fields": {"password": "pbkdf2_sha256$600000$GMiX9w8p9be8uxh8Xg5chL$cFDzarHAEXmOQJ+G3nerNRjjuofYVFUfsEXyUN4RMCM=", "last_login": null, "email": "nicolekipkorir@gmail.com", "first_name": "Nicole", "last_name": "Kipkorir", "is_active": true, "is_superuser": true, "is_staff": false, "is_suspended": false, "date_created": "2025-04-02T09:03:28.789Z", "group": null, "groups": [2], "user_permissions": []}}, {"model": "acl.accountactivity", "pk": "09797a3d-05d3-4a1c-ad92-412f9612f084", "fields": {"recipient": "e6bcacf4-a1d2-40b4-bd1a-4e38a8f3ec6c", "actor": "e6bcacf4-a1d2-40b4-bd1a-4e38a8f3ec6c", "activity": "Password Reset", "remarks": "Password Reset Executed", "action_time": "2025-06-04T08:46:35.871Z"}}, {"model": "acl.accountactivity", "pk": "0dfcdec1-0550-4584-ae7d-937814b878f9", "fields": {"recipient": "e6bcacf4-a1d2-40b4-bd1a-4e38a8f3ec6c", "actor": "e6bcacf4-a1d2-40b4-bd1a-4e38a8f3ec6c", "activity": "Password Reset", "remarks": "Password Reset Executed", "action_time": "2025-04-08T08:10:57.307Z"}}, {"model": "acl.accountactivity", "pk": "14f4de16-8d56-42c6-90c3-c5de3de60fc2", "fields": {"recipient": "e6bcacf4-a1d2-40b4-bd1a-4e38a8f3ec6c", "actor": "e6bcacf4-a1d2-40b4-bd1a-4e38a8f3ec6c", "activity": "Password Change", "remarks": "Password Change Executed", "action_time": "2025-06-06T18:30:43.368Z"}}, {"model": "acl.accountactivity", "pk": "1770b9e6-7816-47ce-863d-0887b8cad031", "fields": {"recipient": "e6bcacf4-a1d2-40b4-bd1a-4e38a8f3ec6c", "actor": "e6bcacf4-a1d2-40b4-bd1a-4e38a8f3ec6c", "activity": "Password Reset", "remarks": "Password Reset Executed", "action_time": "2025-05-15T11:56:10.969Z"}}, {"model": "acl.accountactivity", "pk": "307475d0-6968-478b-a2be-232446ae2662", "fields": {"recipient": "f21139df-8b81-4483-9a9c-63009c800ad8", "actor": "f21139df-8b81-4483-9a9c-63009c800ad8", "activity": "Workplan created", "remarks": "Workplan Creation Executed: 18b2c7ae-161f-4b2a-a76a-fbe17de2e380", "action_time": "2025-04-29T08:39:46.054Z"}}, {"model": "acl.accountactivity", "pk": "32f58055-28f2-4c38-a0f5-8be1ddddc416", "fields": {"recipient": "f21139df-8b81-4483-9a9c-63009c800ad8", "actor": "f21139df-8b81-4483-9a9c-63009c800ad8", "activity": "Workplan created", "remarks": "Workplan Creation Executed: cab5f86b-6dce-4c64-a63e-58c7f1dddf52", "action_time": "2025-04-28T06:45:57.203Z"}}, {"model": "acl.accountactivity", "pk": "330bb7eb-9476-4cc8-b7aa-eb83e98e4c45", "fields": {"recipient": "e6bcacf4-a1d2-40b4-bd1a-4e38a8f3ec6c", "actor": "e6bcacf4-a1d2-40b4-bd1a-4e38a8f3ec6c", "activity": "Password Reset", "remarks": "Password Reset Executed", "action_time": "2025-06-04T08:46:06.915Z"}}, {"model": "acl.accountactivity", "pk": "417b1afd-b3e3-4a03-8f4a-2dc3d9d5389a", "fields": {"recipient": "e6bcacf4-a1d2-40b4-bd1a-4e38a8f3ec6c", "actor": "e6bcacf4-a1d2-40b4-bd1a-4e38a8f3ec6c", "activity": "Password Reset", "remarks": "Password Reset Executed", "action_time": "2025-04-16T11:48:23.610Z"}}, {"model": "acl.accountactivity", "pk": "49ce42f9-f04c-40ed-956e-a1ffd7362ef8", "fields": {"recipient": "f21139df-8b81-4483-9a9c-63009c800ad8", "actor": "f21139df-8b81-4483-9a9c-63009c800ad8", "activity": "Password Reset", "remarks": "Password Reset Executed", "action_time": "2025-04-11T08:30:37.337Z"}}, {"model": "acl.accountactivity", "pk": "49fd43a8-f354-45c2-b41e-c3d9b1ae6080", "fields": {"recipient": "e6bcacf4-a1d2-40b4-bd1a-4e38a8f3ec6c", "actor": "e6bcacf4-a1d2-40b4-bd1a-4e38a8f3ec6c", "activity": "Password Reset", "remarks": "Password Reset Executed", "action_time": "2025-04-16T13:08:06.795Z"}}, {"model": "acl.accountactivity", "pk": "54bd4e77-3e5c-4058-99c3-230070f867a1", "fields": {"recipient": "f21139df-8b81-4483-9a9c-63009c800ad8", "actor": "f21139df-8b81-4483-9a9c-63009c800ad8", "activity": "Workplan created", "remarks": "Workplan Creation Executed: 2f3e6844-3a62-41b3-a4f6-83f2cdc3630c", "action_time": "2025-04-28T07:06:00.070Z"}}, {"model": "acl.accountactivity", "pk": "5c337819-888d-4ad1-a24a-97dad2273525", "fields": {"recipient": "f21139df-8b81-4483-9a9c-63009c800ad8", "actor": "f21139df-8b81-4483-9a9c-63009c800ad8", "activity": "Weekly Report created", "remarks": "Weekly Report Creation Executed: 489eb9c0-ffd8-40a7-a197-c7fe37114e14", "action_time": "2025-04-29T08:41:01.299Z"}}, {"model": "acl.accountactivity", "pk": "645a5512-7ac1-49f5-ba4e-34474166ea85", "fields": {"recipient": "e6bcacf4-a1d2-40b4-bd1a-4e38a8f3ec6c", "actor": "e6bcacf4-a1d2-40b4-bd1a-4e38a8f3ec6c", "activity": "Password Reset", "remarks": "Password Reset Executed", "action_time": "2025-04-03T07:36:26.414Z"}}, {"model": "acl.accountactivity", "pk": "690439fc-dfbc-46f6-8265-64180e3c025b", "fields": {"recipient": "e6bcacf4-a1d2-40b4-bd1a-4e38a8f3ec6c", "actor": "e6bcacf4-a1d2-40b4-bd1a-4e38a8f3ec6c", "activity": "Password Change", "remarks": "Password Change Executed", "action_time": "2025-03-27T07:42:24.398Z"}}, {"model": "acl.accountactivity", "pk": "752bc2b7-1998-4771-974a-8757c280ae74", "fields": {"recipient": "f21139df-8b81-4483-9a9c-63009c800ad8", "actor": "f21139df-8b81-4483-9a9c-63009c800ad8", "activity": "Workplan created", "remarks": "Workplan Creation Executed: 5fa09b84-2e77-4c92-9696-e2226f1644e2", "action_time": "2025-04-30T07:20:27.746Z"}}, {"model": "acl.accountactivity", "pk": "7ed4251e-a510-468b-960b-32f7593231dc", "fields": {"recipient": "25624c1f-a60d-469c-a747-211a056d70f1", "actor": "25624c1f-a60d-469c-a747-211a056d70f1", "activity": "Password Reset", "remarks": "Password Reset Executed", "action_time": "2025-05-15T09:08:10.885Z"}}, {"model": "acl.accountactivity", "pk": "8f42f3dd-7158-4a5f-bbd8-12b6a6acac63", "fields": {"recipient": "c8ff4a9a-c558-4e49-b06d-f54eb0b20e97", "actor": "25624c1f-a60d-469c-a747-211a056d70f1", "activity": "Account Creation", "remarks": "USER CREATED", "action_time": "2025-03-27T07:43:33.100Z"}}, {"model": "acl.accountactivity", "pk": "96c11bc1-4016-4d52-8363-e2bcc17bf3f5", "fields": {"recipient": "f21139df-8b81-4483-9a9c-63009c800ad8", "actor": "25624c1f-a60d-469c-a747-211a056d70f1", "activity": "Account Creation", "remarks": "USER CREATED", "action_time": "2025-04-02T09:03:29.705Z"}}, {"model": "acl.accountactivity", "pk": "a1479237-5f70-4ffa-ae0a-7ed30d590105", "fields": {"recipient": "e6bcacf4-a1d2-40b4-bd1a-4e38a8f3ec6c", "actor": "e6bcacf4-a1d2-40b4-bd1a-4e38a8f3ec6c", "activity": "Password Reset", "remarks": "Password Reset Executed", "action_time": "2025-04-25T09:23:55.905Z"}}, {"model": "acl.accountactivity", "pk": "a6b1bce8-d286-4d6f-8ecd-48d57195a5d9", "fields": {"recipient": "e6bcacf4-a1d2-40b4-bd1a-4e38a8f3ec6c", "actor": "e6bcacf4-a1d2-40b4-bd1a-4e38a8f3ec6c", "activity": "Password Reset", "remarks": "Password Reset Executed", "action_time": "2025-05-12T08:02:01.776Z"}}, {"model": "acl.accountactivity", "pk": "a6b33b10-ae58-4c4e-8e52-5a54d68ade75", "fields": {"recipient": "e6bcacf4-a1d2-40b4-bd1a-4e38a8f3ec6c", "actor": "e6bcacf4-a1d2-40b4-bd1a-4e38a8f3ec6c", "activity": "Password Reset", "remarks": "Password Reset Executed", "action_time": "2025-04-10T11:00:55.839Z"}}, {"model": "acl.accountactivity", "pk": "a70df9b5-b7ca-46c1-9b71-f7e8a2b3cbf1", "fields": {"recipient": "f21139df-8b81-4483-9a9c-63009c800ad8", "actor": "f21139df-8b81-4483-9a9c-63009c800ad8", "activity": "Weekly Report created", "remarks": "Weekly Report Creation Executed: deba0108-cab1-424d-9163-e5f765b63765", "action_time": "2025-04-28T06:42:04.281Z"}}, {"model": "acl.accountactivity", "pk": "ac5a4225-bdcc-42af-ac83-cb072e4bc202", "fields": {"recipient": "f21139df-8b81-4483-9a9c-63009c800ad8", "actor": "f21139df-8b81-4483-9a9c-63009c800ad8", "activity": "Role Assignment", "remarks": "USER ASSIGNED ROLES {i}", "action_time": "2025-06-05T13:32:13.508Z"}}, {"model": "acl.accountactivity", "pk": "b6562ad1-2c5f-43a9-b998-7664b14b549a", "fields": {"recipient": "f21139df-8b81-4483-9a9c-63009c800ad8", "actor": "f21139df-8b81-4483-9a9c-63009c800ad8", "activity": "Weekly Report created", "remarks": "Weekly Report Creation Executed: 8872aaa7-c898-4972-8257-3b48c31e830e", "action_time": "2025-04-28T07:06:53.934Z"}}, {"model": "acl.accountactivity", "pk": "ba01901a-9632-4166-9775-a83706e9ffbd", "fields": {"recipient": "e6bcacf4-a1d2-40b4-bd1a-4e38a8f3ec6c", "actor": "e6bcacf4-a1d2-40b4-bd1a-4e38a8f3ec6c", "activity": "Password Reset", "remarks": "Password Reset Executed", "action_time": "2025-04-25T09:31:47.643Z"}}, {"model": "acl.accountactivity", "pk": "bf892339-07fb-41b9-8150-976f98fd36ef", "fields": {"recipient": "e6bcacf4-a1d2-40b4-bd1a-4e38a8f3ec6c", "actor": "e6bcacf4-a1d2-40b4-bd1a-4e38a8f3ec6c", "activity": "Password Reset", "remarks": "Password Reset Executed", "action_time": "2025-04-29T21:19:22.734Z"}}, {"model": "acl.accountactivity", "pk": "cc8a1e42-4260-4e7d-9953-8559d88d995b", "fields": {"recipient": "e6bcacf4-a1d2-40b4-bd1a-4e38a8f3ec6c", "actor": "e6bcacf4-a1d2-40b4-bd1a-4e38a8f3ec6c", "activity": "Password Change", "remarks": "Password Change Executed", "action_time": "2025-04-25T09:35:10.679Z"}}, {"model": "acl.accountactivity", "pk": "dfb79f8e-53ca-4d40-b166-63228307da6e", "fields": {"recipient": "f21139df-8b81-4483-9a9c-63009c800ad8", "actor": "f21139df-8b81-4483-9a9c-63009c800ad8", "activity": "Workplan created", "remarks": "Workplan Creation Executed: 3e8b5721-a90a-4174-b5a4-4e4f6868b17e", "action_time": "2025-04-28T06:41:01.685Z"}}, {"model": "acl.accountactivity", "pk": "e3ff52b1-81c4-48e1-9e6f-b7b96963724f", "fields": {"recipient": "f21139df-8b81-4483-9a9c-63009c800ad8", "actor": "f21139df-8b81-4483-9a9c-63009c800ad8", "activity": "Weekly Report created", "remarks": "Weekly Report Creation Executed: e82ec26c-0936-441a-a89a-1b904f3594d8", "action_time": "2025-04-30T07:21:25.780Z"}}, {"model": "acl.accountactivity", "pk": "e6e3df1a-bdbc-4dd6-aa9a-244298cc6672", "fields": {"recipient": "f21139df-8b81-4483-9a9c-63009c800ad8", "actor": "f21139df-8b81-4483-9a9c-63009c800ad8", "activity": "Role Revokation", "remarks": "USER REVOKED ROLES {i}", "action_time": "2025-06-05T13:34:11.712Z"}}, {"model": "acl.accountactivity", "pk": "e7d3bc2f-0b20-40ba-9ca2-222731d3e2c6", "fields": {"recipient": "f21139df-8b81-4483-9a9c-63009c800ad8", "actor": "f21139df-8b81-4483-9a9c-63009c800ad8", "activity": "Workplan created", "remarks": "Workplan Creation Executed: a0fdabca-e8ab-4c78-81a6-873a1c7865dc", "action_time": "2025-04-29T09:08:20.604Z"}}, {"model": "acl.accountactivity", "pk": "ea81bf65-fbbf-4a7b-bceb-1be2d4aa2e57", "fields": {"recipient": "e6bcacf4-a1d2-40b4-bd1a-4e38a8f3ec6c", "actor": "e6bcacf4-a1d2-40b4-bd1a-4e38a8f3ec6c", "activity": "Password Reset", "remarks": "Password Reset Executed", "action_time": "2025-04-02T09:04:11.220Z"}}, {"model": "acl.accountactivity", "pk": "eb3ebfb5-4f05-4750-ae42-3c82c01a92a2", "fields": {"recipient": "f21139df-8b81-4483-9a9c-63009c800ad8", "actor": "f21139df-8b81-4483-9a9c-63009c800ad8", "activity": "Weekly Report created", "remarks": "Weekly Report Creation Executed: 19edfe04-d01d-454c-b169-f8c55b79f704", "action_time": "2025-04-28T06:46:57.318Z"}}, {"model": "acl.accountactivity", "pk": "f1f57cd7-1ad8-48b5-93a7-ea9035fae6bd", "fields": {"recipient": "f21139df-8b81-4483-9a9c-63009c800ad8", "actor": "f21139df-8b81-4483-9a9c-63009c800ad8", "activity": "Weekly Report created", "remarks": "Weekly Report Creation Executed: 69140486-96d6-4179-bb98-069ae2bb33ad", "action_time": "2025-04-29T09:09:31.030Z"}}, {"model": "acl.accountactivity", "pk": "f33cd9ab-67f9-492d-bd3c-400572128c23", "fields": {"recipient": "e6bcacf4-a1d2-40b4-bd1a-4e38a8f3ec6c", "actor": "e6bcacf4-a1d2-40b4-bd1a-4e38a8f3ec6c", "activity": "Password Reset", "remarks": "Password Reset Executed", "action_time": "2025-03-27T07:38:43.412Z"}}, {"model": "api.borough", "pk": "21e30315-86e9-4673-afc9-4b00727757a2", "fields": {"name": "Nothern", "is_deleted": false, "date_created": "2025-04-03T08:00:44.465Z"}}, {"model": "api.borough", "pk": "5d396511-4e22-41a1-87b5-a2cc5b712f54", "fields": {"name": "Western", "is_deleted": false, "date_created": "2025-04-03T08:01:20.831Z"}}, {"model": "api.borough", "pk": "67a83a1c-ff5e-46be-afcf-f7a4d45f642b", "fields": {"name": "Southern", "is_deleted": false, "date_created": "2025-04-03T08:00:58.018Z"}}, {"model": "api.borough", "pk": "c169c378-b5be-49b3-96e8-58bfbb2bc901", "fields": {"name": "Eastern", "is_deleted": false, "date_created": "2025-04-03T08:01:09.168Z"}}, {"model": "api.subcounty", "pk": "9522fa09-82d6-46c4-8b43-479da31e0d99", "fields": {"name": "Kasarani", "borough": "21e30315-86e9-4673-afc9-4b00727757a2", "is_deleted": false, "date_created": "2025-04-13T17:57:59.700Z"}}, {"model": "api.subcounty", "pk": "b6de9ba4-6408-4ed0-b5b5-7389737600ae", "fields": {"name": "Embakasi East", "borough": "c169c378-b5be-49b3-96e8-58bfbb2bc901", "is_deleted": false, "date_created": "2025-04-03T08:03:39.045Z"}}, {"model": "api.subcounty", "pk": "ce60fcac-fe06-41ff-8679-9e9158fd2e1f", "fields": {"name": "Dagoretti North", "borough": "67a83a1c-ff5e-46be-afcf-f7a4d45f642b", "is_deleted": false, "date_created": "2025-04-03T08:02:46.533Z"}}, {"model": "api.subcounty", "pk": "f6378815-ef43-46c8-9847-40f34e32214a", "fields": {"name": "Langata", "borough": "67a83a1c-ff5e-46be-afcf-f7a4d45f642b", "is_deleted": false, "date_created": "2025-04-03T08:04:06.123Z"}}, {"model": "api.ward", "pk": "02ac52f5-a769-4309-b46a-9ed47da34cba", "fields": {"name": "High Rise", "sub_county": "f6378815-ef43-46c8-9847-40f34e32214a", "is_deleted": false}}, {"model": "api.ward", "pk": "21bee354-fcc3-4bdc-b973-628366f52658", "fields": {"name": "pipeline", "sub_county": "b6de9ba4-6408-4ed0-b5b5-7389737600ae", "is_deleted": false}}, {"model": "api.ward", "pk": "7227c4e8-9aa4-4323-a9c3-c2a3c1076cd0", "fields": {"name": "Mwiki", "sub_county": "9522fa09-82d6-46c4-8b43-479da31e0d99", "is_deleted": false}}, {"model": "api.ward", "pk": "f1204ab1-7742-405d-9b87-8a762cf80cf3", "fields": {"name": "Nairobi West", "sub_county": "f6378815-ef43-46c8-9847-40f34e32214a", "is_deleted": false}}, {"model": "api.projectsubcategory", "pk": "4383e9e1-3d76-4b58-9709-25f2f0826fab", "fields": {"name": "CIDP", "is_deleted": false, "date_created": "2025-04-03T08:08:27.130Z"}}, {"model": "api.sector", "pk": "7160a357-a6ef-4c9b-8b96-d0a7783ef781", "fields": {"name": "Green Nairobi", "date_created": "2025-04-28T06:59:07.836Z", "is_deleted": false}}, {"model": "api.sector", "pk": "870c951b-2f1e-4d42-9b7c-ce796b8e28d6", "fields": {"name": "Mobility and Works", "date_created": "2025-04-03T07:56:32.677Z", "is_deleted": false}}, {"model": "api.sector", "pk": "8a94173a-256a-4213-905f-53db70e0df21", "fields": {"name": "Finance", "date_created": "2025-05-02T12:59:13.023Z", "is_deleted": false}}, {"model": "api.sector", "pk": "a8de5b21-7d14-4a9c-bfeb-4a1c29ab25c8", "fields": {"name": "Talent, Skills Development & Care", "date_created": "2025-04-29T08:28:24.279Z", "is_deleted": false}}, {"model": "api.subsector", "pk": "4d39ba71-23c1-46ab-ae91-d750a7ec3fd1", "fields": {"name": "Youth, Talent and Sports ", "date_created": "2025-04-29T08:29:22.712Z", "sector": "a8de5b21-7d14-4a9c-bfeb-4a1c29ab25c8", "is_deleted": false}}, {"model": "api.subsector", "pk": "51f0f166-839b-4368-bca7-654caba6a0b2", "fields": {"name": "Water & Sewarage", "date_created": "2025-04-28T06:59:43.417Z", "sector": "7160a357-a6ef-4c9b-8b96-d0a7783ef781", "is_deleted": false}}, {"model": "api.subsector", "pk": "b9c939d6-3052-4fa5-b58b-aeb3d6ddec18", "fields": {"name": "Mobility", "date_created": "2025-04-03T07:57:43.753Z", "sector": "870c951b-2f1e-4d42-9b7c-ce796b8e28d6", "is_deleted": false}}, {"model": "api.subsector", "pk": "e9e61f7c-bba8-413f-a855-f4bc6ca294b6", "fields": {"name": "Environment", "date_created": "2025-04-30T06:40:14.671Z", "sector": "7160a357-a6ef-4c9b-8b96-d0a7783ef781", "is_deleted": false}}, {"model": "api.directorate", "pk": "4eadde03-7fff-4829-88f3-f358f503820f", "fields": {"name": "Directorate 4", "date_created": "2025-04-30T06:56:42.823Z", "sub_sector": "e9e61f7c-bba8-413f-a855-f4bc6ca294b6", "is_deleted": false}}, {"model": "api.directorate", "pk": "53d82ba8-d667-4960-9dde-a0d5b4e2828c", "fields": {"name": "Directorate 3", "date_created": "2025-04-29T08:30:03.555Z", "sub_sector": "4d39ba71-23c1-46ab-ae91-d750a7ec3fd1", "is_deleted": false}}, {"model": "api.directorate", "pk": "9ba5ebbc-5119-405f-b564-3d28fca59665", "fields": {"name": "directorate 1", "date_created": "2025-04-03T07:58:58.882Z", "sub_sector": "b9c939d6-3052-4fa5-b58b-aeb3d6ddec18", "is_deleted": false}}, {"model": "api.directorate", "pk": "bab249ec-4b94-47f9-9122-44597bb22556", "fields": {"name": "Directorate 2", "date_created": "2025-04-28T07:00:28.484Z", "sub_sector": "51f0f166-839b-4368-bca7-654caba6a0b2", "is_deleted": false}}, {"model": "api.title", "pk": "37cc20c8-1237-4277-8eb8-e93eb51ebcd8", "fields": {"name": "Chief Officer", "is_deleted": false, "date_created": "2025-04-03T07:59:55.259Z"}}, {"model": "api.title", "pk": "5f91cdbc-e070-49c4-a132-59c17a43d032", "fields": {"name": "Director", "is_deleted": false, "date_created": "2025-04-03T07:59:39.843Z"}}, {"model": "api.overseer", "pk": "2f5a74ba-6b4c-4694-9ab2-8acd0ec8eda9", "fields": {"name": "Marc Jacobs", "contact": "+254729367453", "title": "5f91cdbc-e070-49c4-a132-59c17a43d032", "is_deleted": false, "date_created": "2025-04-03T08:16:04.147Z"}}, {"model": "api.overseer", "pk": "b910b802-f461-4454-9943-5e025ce23939", "fields": {"name": "John Doe", "contact": "+254756431234", "title": "37cc20c8-1237-4277-8eb8-e93eb51ebcd8", "is_deleted": false, "date_created": "2025-04-03T08:14:45.337Z"}}, {"model": "api.overseer", "pk": "ce4ff24a-be66-4d63-9647-d92cf1353b9f", "fields": {"name": "Mary Poppins", "contact": "+254712789576", "title": "37cc20c8-1237-4277-8eb8-e93eb51ebcd8", "is_deleted": false, "date_created": "2025-04-03T08:16:36.063Z"}}, {"model": "api.budgetfinancialyear", "pk": "a8c96fd0-26ba-43e4-8e74-4da76501ff93", "fields": {"Year": "2022/23", "BudgetInKES": "1000000000.00", "remaining_amount": "314948767.00", "absorption_rate": "68.51", "expenditure": "685051233.00", "is_deleted": false, "reason_for_changing_budget": "", "authority_to_change": "", "comments": null}}, {"model": "api.budgetfinancialyear", "pk": "aa6d08aa-52da-4bf3-bacd-5df25044035b", "fields": {"Year": "2024/2025", "BudgetInKES": "1000000000.00", "remaining_amount": "990000000.00", "absorption_rate": "1.00", "expenditure": "10000000.00", "is_deleted": false, "reason_for_changing_budget": "", "authority_to_change": "", "comments": null}}, {"model": "api.cabinetmemo", "pk": "6e819e91-0ade-4be2-80c4-4f4ccabef1e4", "fields": {"memoNumber": "2/2025", "title": "trackers", "description": "making tracker", "concept": null, "goal": "make a tracker", "objective": null, "legal_implication": "Need_for_amendment", "area_of_focus": "tracker", "team_members": "Austin, Nicole", "funds_source": "PPP", "otherFundsSource": null, "cabinetMemoFile": "cabinet_memos/COMMITTE_ROOM_BOOKING_FOR_REGULARISATION_ON_1st_April.pdf", "is_deleted": false, "date_created": "2025-04-17T06:05:47.321Z"}}, {"model": "api.cabinetmemoapprovalstatus", "pk": "1cdd448a-19b0-4a6c-a62b-2f8e2869d92f", "fields": {"memo": "6e819e91-0ade-4be2-80c4-4f4ccabef1e4", "isApproved": true, "isDeferred": false, "comments": "guidajjd", "is_deleted": false}}, {"model": "api.cabinetmemoapprovalstatus", "pk": "a7e43980-1bef-4f21-b302-2b61db06c3d0", "fields": {"memo": "6e819e91-0ade-4be2-80c4-4f4ccabef1e4", "isApproved": true, "isDeferred": false, "comments": "Approved by me", "is_deleted": false}}, {"model": "api.wave", "pk": "22abcef9-5517-4103-893a-d7ac23e5f4d8", "fields": {"name": "Project 2", "start_date": "2025-05-01", "end_date": "2025-06-01", "financial_year": "a8c96fd0-26ba-43e4-8e74-4da76501ff93", "cabinet_memo": "6e819e91-0ade-4be2-80c4-4f4ccabef1e4", "budget": 45000000, "type": "MAIN", "standalone": "YES", "mother_id": null, "location": {"road": "N/A", "ward": {"id": "7227c4e8-9aa4-4323-a9c3-c2a3c1076cd0", "name": "Mwiki", "is_deleted": false, "sub_county": {"id": "9522fa09-82d6-46c4-8b43-479da31e0d99", "name": "Kasarani", "borough": {"id": "21e30315-86e9-4673-afc9-4b00727757a2", "name": "Nothern", "is_deleted": false, "date_created": "2025-04-03T11:00:44.465000+03:00"}, "is_deleted": false, "date_created": "2025-04-13T20:57:59.700584+03:00"}}, "estate": "N/A"}, "members": null, "risks": "ajswwuq", "results_leaders": ["b910b802-f461-4454-9943-5e025ce23939"], "technical_leaders": ["ce4ff24a-be66-4d63-9647-d92cf1353b9f"], "strategic_leaders": ["2f5a74ba-6b4c-4694-9ab2-8acd0ec8eda9"], "directorate": "bab249ec-4b94-47f9-9122-44597bb22556", "sub_category": "4383e9e1-3d76-4b58-9709-25f2f0826fab", "is_deleted": false, "date_created": "2025-04-28T06:51:30.368Z", "no_cabinet_memo": false, "no_cabinet_memo_reason": "", "tender_number": null, "project_status": "Completed"}}, {"model": "api.wave", "pk": "2c5399ee-e87e-44ab-9a54-15d51191696c", "fields": {"name": "Sewer Extension", "start_date": "2024-06-01", "end_date": "2025-06-30", "financial_year": "aa6d08aa-52da-4bf3-bacd-5df25044035b", "cabinet_memo": null, "budget": 10000000, "type": "MAIN", "standalone": "YES", "mother_id": null, "location": {"road": "N/A", "ward": {"id": "02ac52f5-a769-4309-b46a-9ed47da34cba", "name": "High Rise", "is_deleted": false, "sub_county": {"id": "f6378815-ef43-46c8-9847-40f34e32214a", "name": "Langata", "borough": {"id": "67a83a1c-ff5e-46be-afcf-f7a4d45f642b", "name": "Southern", "is_deleted": false, "date_created": "2025-04-03T11:00:58.018000+03:00"}, "is_deleted": false, "date_created": "2025-04-03T11:04:06.123000+03:00"}}, "estate": "N/A"}, "members": null, "risks": "N/A", "results_leaders": ["2f5a74ba-6b4c-4694-9ab2-8acd0ec8eda9"], "technical_leaders": ["ce4ff24a-be66-4d63-9647-d92cf1353b9f"], "strategic_leaders": ["b910b802-f461-4454-9943-5e025ce23939"], "directorate": "bab249ec-4b94-47f9-9122-44597bb22556", "sub_category": "4383e9e1-3d76-4b58-9709-25f2f0826fab", "is_deleted": false, "date_created": "2025-06-09T08:46:16.748Z", "no_cabinet_memo": true, "no_cabinet_memo_reason": "", "tender_number": "TN01/24", "project_status": "Not Started"}}, {"model": "api.wave", "pk": "345a863b-f14c-403a-ab1a-c3b4ce497c31", "fields": {"name": "Stadia rennovation", "start_date": "2024-01-01", "end_date": "2025-07-22", "financial_year": "a8c96fd0-26ba-43e4-8e74-4da76501ff93", "cabinet_memo": null, "budget": 250000000, "type": "MAIN", "standalone": "YES", "mother_id": null, "location": {"road": "N/A", "ward": {"id": "7227c4e8-9aa4-4323-a9c3-c2a3c1076cd0", "name": "Mwiki", "is_deleted": false, "sub_county": {"id": "9522fa09-82d6-46c4-8b43-479da31e0d99", "name": "Kasarani", "borough": {"id": "21e30315-86e9-4673-afc9-4b00727757a2", "name": "Nothern", "is_deleted": false, "date_created": "2025-04-03T11:00:44.465000+03:00"}, "is_deleted": false, "date_created": "2025-04-13T20:57:59.700584+03:00"}}, "estate": "N/A"}, "members": null, "risks": "Non", "results_leaders": ["ce4ff24a-be66-4d63-9647-d92cf1353b9f", "b910b802-f461-4454-9943-5e025ce23939"], "technical_leaders": ["2f5a74ba-6b4c-4694-9ab2-8acd0ec8eda9"], "strategic_leaders": ["b910b802-f461-4454-9943-5e025ce23939"], "directorate": "53d82ba8-d667-4960-9dde-a0d5b4e2828c", "sub_category": "4383e9e1-3d76-4b58-9709-25f2f0826fab", "is_deleted": false, "date_created": "2025-04-13T18:00:02.848Z", "no_cabinet_memo": true, "no_cabinet_memo_reason": "No Cab Memo", "tender_number": null, "project_status": "Stalled"}}, {"model": "api.wave", "pk": "4cc2502b-5f72-46a8-8a09-dd40e5261723", "fields": {"name": "testing", "start_date": "2025-04-09", "end_date": "2025-05-21", "financial_year": "a8c96fd0-26ba-43e4-8e74-4da76501ff93", "cabinet_memo": null, "budget": 1233, "type": "MAIN", "standalone": "YES", "mother_id": null, "location": {"road": "N/A", "ward": {"id": "21bee354-fcc3-4bdc-b973-628366f52658", "name": "pipeline", "is_deleted": false, "sub_county": {"id": "b6de9ba4-6408-4ed0-b5b5-7389737600ae", "name": "Embakasi East", "borough": {"id": "c169c378-b5be-49b3-96e8-58bfbb2bc901", "name": "Eastern", "is_deleted": false, "date_created": "2025-04-03T11:01:09.168916+03:00"}, "is_deleted": false, "date_created": "2025-04-03T11:03:39.045644+03:00"}}, "estate": "N/A"}, "members": null, "risks": "n/a", "results_leaders": ["b910b802-f461-4454-9943-5e025ce23939"], "technical_leaders": ["ce4ff24a-be66-4d63-9647-d92cf1353b9f"], "strategic_leaders": ["2f5a74ba-6b4c-4694-9ab2-8acd0ec8eda9"], "directorate": "9ba5ebbc-5119-405f-b564-3d28fca59665", "sub_category": "4383e9e1-3d76-4b58-9709-25f2f0826fab", "is_deleted": false, "date_created": "2025-04-08T08:01:35.030Z", "no_cabinet_memo": true, "no_cabinet_memo_reason": "", "tender_number": null, "project_status": "Not Started"}}, {"model": "api.wave", "pk": "6404b1f3-a9f8-402b-a8d1-892c386f1539", "fields": {"name": "Tree planting", "start_date": "2024-08-01", "end_date": "2025-08-01", "financial_year": "a8c96fd0-26ba-43e4-8e74-4da76501ff93", "cabinet_memo": "6e819e91-0ade-4be2-80c4-4f4ccabef1e4", "budget": 50000000, "type": "MAIN", "standalone": "YES", "mother_id": null, "location": {"road": "N/A", "ward": {"id": "f1204ab1-7742-405d-9b87-8a762cf80cf3", "name": "Nairobi West", "is_deleted": false, "sub_county": {"id": "f6378815-ef43-46c8-9847-40f34e32214a", "name": "Langata", "borough": {"id": "67a83a1c-ff5e-46be-afcf-f7a4d45f642b", "name": "Southern", "is_deleted": false, "date_created": "2025-04-03T11:00:58.018000+03:00"}, "is_deleted": false, "date_created": "2025-04-03T11:04:06.123000+03:00"}}, "estate": "N/A"}, "members": null, "risks": "Space", "results_leaders": ["ce4ff24a-be66-4d63-9647-d92cf1353b9f"], "technical_leaders": ["2f5a74ba-6b4c-4694-9ab2-8acd0ec8eda9"], "strategic_leaders": ["b910b802-f461-4454-9943-5e025ce23939"], "directorate": "4eadde03-7fff-4829-88f3-f358f503820f", "sub_category": "4383e9e1-3d76-4b58-9709-25f2f0826fab", "is_deleted": false, "date_created": "2025-04-30T06:47:24.667Z", "no_cabinet_memo": false, "no_cabinet_memo_reason": "", "tender_number": null, "project_status": "Started"}}, {"model": "api.wave", "pk": "727e43a3-321a-4699-9d12-12f645899b8e", "fields": {"name": "Project 1", "start_date": "2025-02-11", "end_date": "2026-04-24", "financial_year": "a8c96fd0-26ba-43e4-8e74-4da76501ff93", "cabinet_memo": null, "budget": 240000000, "type": "MAIN", "standalone": "YES", "mother_id": null, "location": {"road": "N/A", "ward": {"id": "21bee354-fcc3-4bdc-b973-628366f52658", "name": "pipeline", "is_deleted": false, "sub_county": {"id": "b6de9ba4-6408-4ed0-b5b5-7389737600ae", "name": "Embakasi East", "borough": {"id": "c169c378-b5be-49b3-96e8-58bfbb2bc901", "name": "Eastern", "is_deleted": false, "date_created": "2025-04-03T11:01:09.168000+03:00"}, "is_deleted": false, "date_created": "2025-04-03T11:03:39.045000+03:00"}}, "estate": "N/A"}, "members": null, "risks": "risk", "results_leaders": ["b910b802-f461-4454-9943-5e025ce23939"], "technical_leaders": ["2f5a74ba-6b4c-4694-9ab2-8acd0ec8eda9"], "strategic_leaders": ["2f5a74ba-6b4c-4694-9ab2-8acd0ec8eda9"], "directorate": "9ba5ebbc-5119-405f-b564-3d28fca59665", "sub_category": "4383e9e1-3d76-4b58-9709-25f2f0826fab", "is_deleted": false, "date_created": "2025-04-11T11:37:56.575Z", "no_cabinet_memo": true, "no_cabinet_memo_reason": "", "tender_number": null, "project_status": "Not Started"}}, {"model": "api.wave", "pk": "c41746dd-0821-4925-b5d8-14e7351e6d79", "fields": {"name": "Road Construction", "start_date": "2024-05-13", "end_date": "2026-02-13", "financial_year": "a8c96fd0-26ba-43e4-8e74-4da76501ff93", "cabinet_memo": null, "budget": 100000000, "type": "MAIN", "standalone": "YES", "mother_id": null, "location": {"road": "N/A", "ward": {"id": "f1204ab1-7742-405d-9b87-8a762cf80cf3", "name": "Nairobi West", "is_deleted": false, "sub_county": {"id": "f6378815-ef43-46c8-9847-40f34e32214a", "name": "Langata", "borough": {"id": "67a83a1c-ff5e-46be-afcf-f7a4d45f642b", "name": "Southern", "is_deleted": false, "date_created": "2025-04-03T11:00:58.018000+03:00"}, "is_deleted": false, "date_created": "2025-04-03T11:04:06.123000+03:00"}}, "estate": "N/A"}, "members": null, "risks": "No Risks", "results_leaders": ["b910b802-f461-4454-9943-5e025ce23939"], "technical_leaders": ["2f5a74ba-6b4c-4694-9ab2-8acd0ec8eda9"], "strategic_leaders": ["ce4ff24a-be66-4d63-9647-d92cf1353b9f"], "directorate": "9ba5ebbc-5119-405f-b564-3d28fca59665", "sub_category": "4383e9e1-3d76-4b58-9709-25f2f0826fab", "is_deleted": false, "date_created": "2025-04-13T17:53:07.098Z", "no_cabinet_memo": true, "no_cabinet_memo_reason": "no cab memo", "tender_number": null, "project_status": "Stalled"}}, {"model": "api.wave", "pk": "c868b6f4-7bb8-4f5f-98c6-1fa906111f7e", "fields": {"name": "clueless developer", "start_date": "2025-05-17", "end_date": "2025-06-29", "financial_year": "a8c96fd0-26ba-43e4-8e74-4da76501ff93", "cabinet_memo": null, "budget": 0, "type": "MAIN", "standalone": "YES", "mother_id": null, "location": {"road": "N/A", "ward": {"id": "21bee354-fcc3-4bdc-b973-628366f52658", "name": "pipeline", "is_deleted": false, "sub_county": {"id": "b6de9ba4-6408-4ed0-b5b5-7389737600ae", "name": "Embakasi East", "borough": {"id": "c169c378-b5be-49b3-96e8-58bfbb2bc901", "name": "Eastern", "is_deleted": false, "date_created": "2025-04-03T11:01:09.168000+03:00"}, "is_deleted": false, "date_created": "2025-04-03T11:03:39.045000+03:00"}}, "estate": "N/A"}, "members": null, "risks": "ws", "results_leaders": ["2f5a74ba-6b4c-4694-9ab2-8acd0ec8eda9"], "technical_leaders": ["b910b802-f461-4454-9943-5e025ce23939"], "strategic_leaders": ["2f5a74ba-6b4c-4694-9ab2-8acd0ec8eda9"], "directorate": "53d82ba8-d667-4960-9dde-a0d5b4e2828c", "sub_category": "4383e9e1-3d76-4b58-9709-25f2f0826fab", "is_deleted": false, "date_created": "2025-05-19T13:15:46.843Z", "no_cabinet_memo": true, "no_cabinet_memo_reason": "", "tender_number": "zwdd/0092", "project_status": "Started"}}, {"model": "api.wave", "pk": "e6becc89-3e55-4fcb-b116-3ee06ee4b2b8", "fields": {"name": "Drilling", "start_date": "2024-12-02", "end_date": "2025-12-02", "financial_year": "a8c96fd0-26ba-43e4-8e74-4da76501ff93", "cabinet_memo": "6e819e91-0ade-4be2-80c4-4f4ccabef1e4", "budget": 50000, "type": "MAIN", "standalone": "YES", "mother_id": null, "location": {"road": "N/A", "ward": {"id": "7227c4e8-9aa4-4323-a9c3-c2a3c1076cd0", "name": "Mwiki", "is_deleted": false, "sub_county": {"id": "9522fa09-82d6-46c4-8b43-479da31e0d99", "name": "Kasarani", "borough": {"id": "21e30315-86e9-4673-afc9-4b00727757a2", "name": "Nothern", "is_deleted": false, "date_created": "2025-04-03T11:00:44.465000+03:00"}, "is_deleted": false, "date_created": "2025-04-13T20:57:59.700584+03:00"}}, "estate": "N/A"}, "members": null, "risks": "Possibility of drilling other established pipes within the area and the fiber optics cables proximity is also a concern", "results_leaders": ["b910b802-f461-4454-9943-5e025ce23939"], "technical_leaders": ["b910b802-f461-4454-9943-5e025ce23939"], "strategic_leaders": ["2f5a74ba-6b4c-4694-9ab2-8acd0ec8eda9"], "directorate": "bab249ec-4b94-47f9-9122-44597bb22556", "sub_category": "4383e9e1-3d76-4b58-9709-25f2f0826fab", "is_deleted": false, "date_created": "2025-05-02T09:54:45.706Z", "no_cabinet_memo": false, "no_cabinet_memo_reason": "", "tender_number": "ns/009/23wse", "project_status": "Stalled"}}, {"model": "api.thematicarea", "pk": "35098681-8b35-46a6-ad79-c4d705724358", "fields": {"area": "Env goal", "sector": "7160a357-a6ef-4c9b-8b96-d0a7783ef781", "project": "6404b1f3-a9f8-402b-a8d1-892c386f1539", "directorate": "4eadde03-7fff-4829-88f3-f358f503820f", "is_deleted": false, "date_created": "2025-04-30T07:12:09.371Z"}}, {"model": "api.thematicarea", "pk": "41c77a5b-a6aa-4484-aa79-cf955a13a4df", "fields": {"area": "project 1goal", "sector": "870c951b-2f1e-4d42-9b7c-ce796b8e28d6", "project": "727e43a3-321a-4699-9d12-12f645899b8e", "directorate": "9ba5ebbc-5119-405f-b564-3d28fca59665", "is_deleted": false, "date_created": "2025-04-25T13:16:28.481Z"}}, {"model": "api.thematicarea", "pk": "798b0e4b-2cc7-427a-81ef-956a89a2fb5a", "fields": {"area": "Stadia Goal", "sector": "a8de5b21-7d14-4a9c-bfeb-4a1c29ab25c8", "project": "345a863b-f14c-403a-ab1a-c3b4ce497c31", "directorate": "53d82ba8-d667-4960-9dde-a0d5b4e2828c", "is_deleted": false, "date_created": "2025-04-29T08:31:13.189Z"}}, {"model": "api.thematicarea", "pk": "b32aa039-d561-46a3-8490-ee5c0b9fbed1", "fields": {"area": "Project 2 Goal", "sector": "7160a357-a6ef-4c9b-8b96-d0a7783ef781", "project": "22abcef9-5517-4103-893a-d7ac23e5f4d8", "directorate": "bab249ec-4b94-47f9-9122-44597bb22556", "is_deleted": false, "date_created": "2025-04-28T07:01:41.759Z"}}, {"model": "api.thematicarea", "pk": "b9d88941-44cd-43ad-bf35-df3c9ddaa5f3", "fields": {"area": "Roads Goal", "sector": "870c951b-2f1e-4d42-9b7c-ce796b8e28d6", "project": "c41746dd-0821-4925-b5d8-14e7351e6d79", "directorate": "9ba5ebbc-5119-405f-b564-3d28fca59665", "is_deleted": false, "date_created": "2025-04-29T08:58:50.349Z"}}, {"model": "api.rrigoals", "pk": "03130e98-1de5-4f4a-8314-4685204c55b8", "fields": {"goal": "Stadia Goal", "thematic_area": "798b0e4b-2cc7-427a-81ef-956a89a2fb5a", "wave": "345a863b-f14c-403a-ab1a-c3b4ce497c31", "creator": "f21139df-8b81-4483-9a9c-63009c800ad8", "results_leaders": ["b910b802-f461-4454-9943-5e025ce23939"], "technical_leaders": ["ce4ff24a-be66-4d63-9647-d92cf1353b9f"], "strategic_leaders": ["2f5a74ba-6b4c-4694-9ab2-8acd0ec8eda9"], "is_deleted": false, "date_created": "2025-04-29T08:33:25.988Z"}}, {"model": "api.rrigoals", "pk": "a6680c2e-b460-4cd7-b507-942167aad87b", "fields": {"goal": "Objective 2", "thematic_area": "b32aa039-d561-46a3-8490-ee5c0b9fbed1", "wave": "22abcef9-5517-4103-893a-d7ac23e5f4d8", "creator": "f21139df-8b81-4483-9a9c-63009c800ad8", "results_leaders": ["2f5a74ba-6b4c-4694-9ab2-8acd0ec8eda9"], "technical_leaders": ["b910b802-f461-4454-9943-5e025ce23939"], "strategic_leaders": ["b910b802-f461-4454-9943-5e025ce23939"], "is_deleted": false, "date_created": "2025-04-28T07:02:55.384Z"}}, {"model": "api.rrigoals", "pk": "bfde512b-68e9-4f27-9a07-a08ded34f71e", "fields": {"goal": "projecft 1 objective", "thematic_area": "41c77a5b-a6aa-4484-aa79-cf955a13a4df", "wave": "727e43a3-321a-4699-9d12-12f645899b8e", "creator": "25624c1f-a60d-469c-a747-211a056d70f1", "results_leaders": ["2f5a74ba-6b4c-4694-9ab2-8acd0ec8eda9"], "technical_leaders": ["ce4ff24a-be66-4d63-9647-d92cf1353b9f"], "strategic_leaders": ["b910b802-f461-4454-9943-5e025ce23939"], "is_deleted": false, "date_created": "2025-04-25T13:18:27.325Z"}}, {"model": "api.rrigoals", "pk": "d277bc88-dbb5-4bff-96a5-b86dd8cb7235", "fields": {"goal": "Roads Objective", "thematic_area": "b9d88941-44cd-43ad-bf35-df3c9ddaa5f3", "wave": "c41746dd-0821-4925-b5d8-14e7351e6d79", "creator": "f21139df-8b81-4483-9a9c-63009c800ad8", "results_leaders": ["b910b802-f461-4454-9943-5e025ce23939"], "technical_leaders": ["ce4ff24a-be66-4d63-9647-d92cf1353b9f"], "strategic_leaders": ["2f5a74ba-6b4c-4694-9ab2-8acd0ec8eda9"], "is_deleted": false, "date_created": "2025-04-29T09:00:23.338Z"}}, {"model": "api.rrigoals", "pk": "d4cf5c78-94f3-448f-b1a6-8e45d44afe9c", "fields": {"goal": "Env obj", "thematic_area": "35098681-8b35-46a6-ad79-c4d705724358", "wave": "6404b1f3-a9f8-402b-a8d1-892c386f1539", "creator": "f21139df-8b81-4483-9a9c-63009c800ad8", "results_leaders": ["2f5a74ba-6b4c-4694-9ab2-8acd0ec8eda9"], "technical_leaders": ["2f5a74ba-6b4c-4694-9ab2-8acd0ec8eda9"], "strategic_leaders": ["b910b802-f461-4454-9943-5e025ce23939"], "is_deleted": false, "date_created": "2025-04-30T07:14:50.529Z"}}, {"model": "api.teammembers", "pk": "dc9fc10e-bfb6-4426-a437-721483e77dd0", "fields": {"name": "Faith", "goal": "a6680c2e-b460-4cd7-b507-942167aad87b", "date_created": "2025-04-28T07:02:55.652Z"}}, {"model": "api.workplan", "pk": "18b2c7ae-161f-4b2a-a76a-fbe17de2e380", "fields": {"creator": "f21139df-8b81-4483-9a9c-63009c800ad8", "rri_goal": "03130e98-1de5-4f4a-8314-4685204c55b8", "person_incharge": null, "location": {"road": "n/a", "ward": {"id": "21bee354-fcc3-4bdc-b973-628366f52658", "name": "pipeline", "is_deleted": false, "sub_county": {"id": "b6de9ba4-6408-4ed0-b5b5-7389737600ae", "name": "Embakasi East", "borough": {"id": "c169c378-b5be-49b3-96e8-58bfbb2bc901", "name": "Eastern", "is_deleted": false, "date_created": "2025-04-03T11:01:09.168000+03:00"}, "is_deleted": false, "date_created": "2025-04-03T11:03:39.045000+03:00"}}, "estate": "n/a"}, "milestone": "Stadia Milestone", "steps": [{"step": "sta activ", "person_incharge": "Austin Okola"}], "collaborators": [], "start_date": "2025-03-27", "end_date": "2026-03-27", "budget": 50000000, "status": "Started", "remarks": "remarks sta", "risks": "risks sta", "percentage": 0, "is_deleted": false, "date_created": "2025-04-29T08:39:45.444Z"}}, {"model": "api.workplan", "pk": "2f3e6844-3a62-41b3-a4f6-83f2cdc3630c", "fields": {"creator": "f21139df-8b81-4483-9a9c-63009c800ad8", "rri_goal": "a6680c2e-b460-4cd7-b507-942167aad87b", "person_incharge": null, "location": {"road": "N/A", "ward": {"id": "21bee354-fcc3-4bdc-b973-628366f52658", "name": "pipeline", "is_deleted": false, "sub_county": {"id": "b6de9ba4-6408-4ed0-b5b5-7389737600ae", "name": "Embakasi East", "borough": {"id": "c169c378-b5be-49b3-96e8-58bfbb2bc901", "name": "Eastern", "is_deleted": false, "date_created": "2025-04-03T11:01:09.168000+03:00"}, "is_deleted": false, "date_created": "2025-04-03T11:03:39.045000+03:00"}}, "estate": "N/A"}, "milestone": "Project 2", "steps": [{"step": "Prj 2", "person_incharge": "John Doe"}], "collaborators": ["Doe"], "start_date": "2025-06-27", "end_date": "2025-07-28", "budget": 30000000, "status": "Started", "remarks": "erkir", "risks": "erjre", "percentage": 0, "is_deleted": false, "date_created": "2025-04-28T07:05:59.533Z"}}, {"model": "api.workplan", "pk": "3e8b5721-a90a-4174-b5a4-4e4f6868b17e", "fields": {"creator": "f21139df-8b81-4483-9a9c-63009c800ad8", "rri_goal": "bfde512b-68e9-4f27-9a07-a08ded34f71e", "person_incharge": null, "location": {"road": "n/a", "ward": {"id": "7227c4e8-9aa4-4323-a9c3-c2a3c1076cd0", "name": "Mwiki", "is_deleted": false, "sub_county": {"id": "9522fa09-82d6-46c4-8b43-479da31e0d99", "name": "Kasarani", "borough": {"id": "21e30315-86e9-4673-afc9-4b00727757a2", "name": "Nothern", "is_deleted": false, "date_created": "2025-04-03T11:00:44.465000+03:00"}, "is_deleted": false, "date_created": "2025-04-13T20:57:59.700584+03:00"}}, "estate": "n/a"}, "milestone": "ssdfd", "steps": [{"step": "ttrdrs", "person_incharge": "Alison Joy"}], "collaborators": ["John"], "start_date": "2025-04-28", "end_date": "2025-05-28", "budget": 20000000, "status": "Started", "remarks": "sfrreg", "risks": "aswdw", "percentage": 0, "is_deleted": false, "date_created": "2025-04-28T06:41:01.131Z"}}, {"model": "api.workplan", "pk": "5fa09b84-2e77-4c92-9696-e2226f1644e2", "fields": {"creator": "f21139df-8b81-4483-9a9c-63009c800ad8", "rri_goal": "d4cf5c78-94f3-448f-b1a6-8e45d44afe9c", "person_incharge": null, "location": {"road": "n/a", "ward": {"id": "21bee354-fcc3-4bdc-b973-628366f52658", "name": "pipeline", "is_deleted": false, "sub_county": {"id": "b6de9ba4-6408-4ed0-b5b5-7389737600ae", "name": "Embakasi East", "borough": {"id": "c169c378-b5be-49b3-96e8-58bfbb2bc901", "name": "Eastern", "is_deleted": false, "date_created": "2025-04-03T11:01:09.168000+03:00"}, "is_deleted": false, "date_created": "2025-04-03T11:03:39.045000+03:00"}}, "estate": "n/a"}, "milestone": "tree seedlings", "steps": [{"step": "number of seedlings"}], "collaborators": [], "start_date": "2024-08-05", "end_date": "2024-08-09", "budget": 1000000, "status": "Started", "remarks": "tre", "risks": "no risk", "percentage": 0, "is_deleted": false, "date_created": "2025-04-30T07:20:27.194Z"}}, {"model": "api.workplan", "pk": "a0fdabca-e8ab-4c78-81a6-873a1c7865dc", "fields": {"creator": "f21139df-8b81-4483-9a9c-63009c800ad8", "rri_goal": "d277bc88-dbb5-4bff-96a5-b86dd8cb7235", "person_incharge": null, "location": {"road": "n/a", "ward": {"id": "7227c4e8-9aa4-4323-a9c3-c2a3c1076cd0", "name": "Mwiki", "is_deleted": false, "sub_county": {"id": "9522fa09-82d6-46c4-8b43-479da31e0d99", "name": "Kasarani", "borough": {"id": "21e30315-86e9-4673-afc9-4b00727757a2", "name": "Nothern", "is_deleted": false, "date_created": "2025-04-03T11:00:44.465000+03:00"}, "is_deleted": false, "date_created": "2025-04-13T20:57:59.700584+03:00"}}, "estate": "n/a"}, "milestone": "Roads Milestone", "steps": [{"step": "Roads Activity", "person_incharge": null}], "collaborators": [], "start_date": "2024-05-13", "end_date": "2026-02-13", "budget": 10000000, "status": "Started", "remarks": "roads remarks", "risks": "roads risks", "percentage": 0, "is_deleted": false, "date_created": "2025-04-29T09:08:20.040Z"}}, {"model": "api.workplan", "pk": "cab5f86b-6dce-4c64-a63e-58c7f1dddf52", "fields": {"creator": "f21139df-8b81-4483-9a9c-63009c800ad8", "rri_goal": "bfde512b-68e9-4f27-9a07-a08ded34f71e", "person_incharge": null, "location": {"road": "n/a", "ward": {"id": "f1204ab1-7742-405d-9b87-8a762cf80cf3", "name": "Nairobi West", "is_deleted": false, "sub_county": {"id": "f6378815-ef43-46c8-9847-40f34e32214a", "name": "Langata", "borough": {"id": "67a83a1c-ff5e-46be-afcf-f7a4d45f642b", "name": "Southern", "is_deleted": false, "date_created": "2025-04-03T11:00:58.018000+03:00"}, "is_deleted": false, "date_created": "2025-04-03T11:04:06.123000+03:00"}}, "estate": "n/a"}, "milestone": "tyyy", "steps": [{"step": "tyyyyr", "person_incharge": "Marc Jacobs"}], "collaborators": ["Mary"], "start_date": "2025-04-30", "end_date": "2025-05-30", "budget": 3000000, "status": "Started", "remarks": "asscaew", "risks": "asdawq", "percentage": 0, "is_deleted": false, "date_created": "2025-04-28T06:45:56.660Z"}}, {"model": "api.weeklyreports", "pk": "19edfe04-d01d-454c-b169-f8c55b79f704", "fields": {"creator": "f21139df-8b81-4483-9a9c-63009c800ad8", "workplan": "cab5f86b-6dce-4c64-a63e-58c7f1dddf52", "activities": [{"id": "dddfcc07-1caa-4305-84d9-1212afdba430", "status": "Started", "activity": "tyyyyr", "challenges": "zOOOS", "explanation": "vsfdst", "recommendations": "kdfirrwu", "percentage_completion": 55}], "is_deleted": false, "date_created": "2025-04-28T06:46:56.785Z"}}, {"model": "api.weeklyreports", "pk": "489eb9c0-ffd8-40a7-a197-c7fe37114e14", "fields": {"creator": "f21139df-8b81-4483-9a9c-63009c800ad8", "workplan": "18b2c7ae-161f-4b2a-a76a-fbe17de2e380", "activities": [{"id": "99a7ca8f-ad7d-4999-8f0b-26efa0173294", "status": "Started", "activity": "sta activ", "challenges": "Lannn", "explanation": "kkk", "recommendations": "Negotiate", "percentage_completion": 15}], "is_deleted": false, "date_created": "2025-04-29T08:41:00.749Z"}}, {"model": "api.weeklyreports", "pk": "69140486-96d6-4179-bb98-069ae2bb33ad", "fields": {"creator": "f21139df-8b81-4483-9a9c-63009c800ad8", "workplan": "a0fdabca-e8ab-4c78-81a6-873a1c7865dc", "activities": [{"id": "0a2f2beb-f3da-4692-9653-fdf89f972c48", "status": "Started", "activity": "Roads Activity", "challenges": "chakk", "explanation": "sttats", "recommendations": "reccs", "percentage_completion": 47}], "is_deleted": false, "date_created": "2025-04-29T09:09:30.468Z"}}, {"model": "api.weeklyreports", "pk": "8872aaa7-c898-4972-8257-3b48c31e830e", "fields": {"creator": "f21139df-8b81-4483-9a9c-63009c800ad8", "workplan": "2f3e6844-3a62-41b3-a4f6-83f2cdc3630c", "activities": [{"id": "deb15cbe-0c4c-4646-8b17-7cfa14c5d121", "status": "Started", "activity": "Prj 2", "challenges": "ittjr", "explanation": "juuu", "recommendations": "jnu", "percentage_completion": 65}], "is_deleted": false, "date_created": "2025-04-28T07:06:53.395Z"}}, {"model": "api.weeklyreports", "pk": "deba0108-cab1-424d-9163-e5f765b63765", "fields": {"creator": "f21139df-8b81-4483-9a9c-63009c800ad8", "workplan": "3e8b5721-a90a-4174-b5a4-4e4f6868b17e", "activities": [{"id": "0a51d04c-1479-4b06-8d6f-ec3b166ca650", "status": "Started", "activity": "ttrdrs", "challenges": "weregtrg", "explanation": "awrevbjki", "recommendations": "sertrtfxfdc", "percentage_completion": 30}], "is_deleted": false, "date_created": "2025-04-28T06:42:03.734Z"}}, {"model": "api.weeklyreports", "pk": "e82ec26c-0936-441a-a89a-1b904f3594d8", "fields": {"creator": "f21139df-8b81-4483-9a9c-63009c800ad8", "workplan": "5fa09b84-2e77-4c92-9696-e2226f1644e2", "activities": [{"id": "3a472b60-444c-4b2a-85c1-4314a863db88", "status": "Started", "activity": "number of seedlings", "challenges": "n/a", "explanation": "ok", "recommendations": "n/a", "percentage_completion": 28}], "is_deleted": false, "date_created": "2025-04-30T07:21:25.249Z"}}]
